{
  "001": {
    "1": [
      940,
      10,
      1270,
      710
    ],
    "2": [
      570,
      10,
      1270,
      320
    ]
  },
  "002": {
    "1": [
      790,
      242,
      1270,
      710
    ],
    "2": [
      36,
      446,
      1200,
      710
    ]
  },
  "003": {
    "1": [
      587,
      16,
      1260,
      248
    ]
  },
  "004": {
    "1": [
      297,
      16,
      1260,
      190
    ],
    "2": [
      29,
      500,
      714,
      715
    ]
  },
  "006": {
    "1": [
      730,
      10,
      1270,
      710
    ]
  },
  "007": {
    "1": [
      10,
      140,
      670,
      710
    ]
  },
  "009": {
    "1": [
      615,
      10,
      1270,
      240
    ],
    "2": [
      800,
      10,
      1270,
      710
    ],
    "3": [
      550,
      300,
      1270,
      710
    ]
  },
  "010": {
    "1": [
      10,
      10,
      400,
      710
    ],
    "2": [
      880,
      10,
      1270,
      710
    ]
  },
  "011": {
    "1": [
      520,
      290,
      1270,
      710
    ],
    "2": [
      1000,
      10,
      1270,
      710
    ],
    "3": [
      10,
      290,
      1270,
      550
    ]
  },
  "012": {
    "1": [
      10,
      300,
      610,
      710
    ]
  },
  "013": {
    "1": [
      10,
      290,
      580,
      485
    ],
    "2": [
      700,
      290,
      1270,
      485
    ],
    "3": [
      890,
      240,
      1270,
      535
    ]
  },
  "014": {
    "1": [
      10,
      450,
      1270,
      710
    ],
    "2": [
      920,
      10,
      1270,
      710
    ],
    "3": [
      535,
      360,
      1270,
      710
    ]
  },
  "017": {
    "1": [
      10,
      290,
      1270,
      710
    ]
  },
  "025": {
    "1": [
      10,
      240,
      1270,
      600
    ]
  },
  "026": {
    "1": [
      10,
      330,
      830,
      710
    ]
  },
  "032": {
    "1": [
      780,
      10,
      1270,
      710
    ]
  },
  "033": {
    "1": [
      10,
      435,
      1270,
      710
    ]
  },
  "034": {
    "1": [
      725,
      290,
      1270,
      590
    ],
    "2": [
      560,
      0,
      1270,
      250
    ]
  },
  "036": {
    "1": [
      10,
      290,
      810,
      710
    ],
    "2": [
      600,
      0,
      1270,
      200
    ]
  },
  "037": {
    "1": [
      10,
      380,
      580,
      710
    ]
  },
  "044": {
    "1": [
      10,
      130,
      330,
      710
    ]
  },
  "045": {
    "1": [
      800,
      130,
      1270,
      710
    ]
  },
  "048": {
    "1": [
      310,
      130,
      830,
      710
    ]
  },
  "050": {
    "1": [
      690,
      320,
      1270,
      710
    ]
  },
  "052": {
    "1": [
      730,
      130,
      1270,
      710
    ]
  },
  "055": {
    "1": [
      10,
      330,
      580,
      710
    ],
    "2": [
      400,
      0,
      1270,
      200
    ]
  },
  "057": {
    "1": [
      590,
      330,
      1270,
      710
    ],
    "2": [
      400,
      0,
      1270,
      200
    ]
  },
  "063": {
    "1": [
      10,
      290,
      680,
      710
    ],
    "2": [
      680,
      10,
      1270,
      250
    ]
  },
  "066": {
    "1": [
      620,
      290,
      1270,
      710
    ]
  },
  "067": {
    "1": [
      10,
      290,
      830,
      710
    ]
  },
  "069": {
    "1": [
      10,
      450,
      1270,
      710
    ],
    "2": [
      870,
      0,
      1279,
      305
    ]
  },
  "070": {
    "1": [
      10,
      330,
      670,
      710
    ]
  },
  "071": {
    "1": [
      580,
      330,
      1270,
      710
    ]
  },
  "072": {
    "1": [
      10,
      430,
      1270,
      710
    ],
    "2": [
      580,
      10,
      1270,
      380
    ]
  },
  "073": {
    "1": [
      720,
      10,
      1270,
      380
    ],
    "2": [
      350,
      10,
      1270,
      240
    ],
    "3": [
      10,
      465,
      1270,
      710
    ]
  },
  "075": {
    "1": [
      10,
      485,
      1270,
      710
    ],
    "2": [
      535,
      385,
      1270,
      710
    ]
  },
  "005": {
    "1": [
      310,
      10,
      1270,
      240
    ],
    "2": [
      770,
      340,
      1270,
      550
    ],
    "3": [
      870,
      290,
      1270,
      710
    ]
  },
  "008": {
    "1": [
      915,
      10,
      1270,
      710
    ],
    "2": [
      730,
      10,
      1270,
      300
    ],
    "3": [
      710,
      450,
      1270,
      710
    ]
  },
  "015": {
    "1": [
      460,
      130,
      1270,
      710
    ],
    "2": [
      835,
      10,
      1270,
      710
    ],
    "3": [
      10,
      540,
      1270,
      710
    ]
  },
  "016": {
    "1": [
      10,
      275,
      1270,
      710
    ]
  },
  "018": {
    "1": [
      10,
      330,
      1270,
      710
    ]
  },
  "019": {
    "1": [
      10,
      235,
      1270,
      710
    ],
    "2": [
      890,
      10,
      1270,
      710
    ]
  },
  "020": {
    "1": [
      710,
      290,
      1270,
      710
    ],
    "2": [
      10,
      340,
      1270,
      710
    ]
  },
  "021": {
    "1": [
      10,
      270,
      1270,
      710
    ]
  },
  "022": {
    "1": [
      10,
      290,
      1270,
      710
    ],
    "2": [
      765,
      10,
      1270,
      250
    ]
  },
  "023": {
    "1": [
      700,
      10,
      1270,
      195
    ],
    "2": [
      10,
      395,
      1270,
      710
    ]
  },
  "024": {
    "1": [
      10,
      385,
      1270,
      710
    ]
  },
  "027": {
    "1": [
      10,
      325,
      1270,
      710
    ]
  },
  "028": {
    "1": [
      690,
      135,
      1270,
      710
    ]
  },
  "029": {
    "1": [
      10,
      285,
      700,
      710
    ]
  },
  "030": {
    "1": [
      10,
      230,
      1270,
      710
    ]
  },
  "031": {
    "1": [
      685,
      10,
      1270,
      195
    ],
    "2": [
      375,
      235,
      665,
      455
    ]
  },
  "035": {
    "1": [
      550,
      235,
      1270,
      710
    ],
    "2": [
      600,
      0,
      1270,
      200
    ]
  },
  "038": {
    "1": [
      910,
      10,
      1270,
      310
    ]
  },
  "039": {
    "1": [
      10,
      420,
      530,
      710
    ],
    "2": [
      750,
      420,
      1270,
      710
    ]
  },
  "040": {
    "1": [
      10,
      325,
      830,
      710
    ]
  },
  "041": {
    "1": [
      510,
      290,
      1270,
      710
    ]
  },
  "043": {
    "1": [
      10,
      130,
      830,
      710
    ]
  },
  "042": {
    "1": [
      750,
      290,
      1270,
      710
    ]
  },
  "046": {
    "1": [
      800,
      130,
      1270,
      710
    ]
  },
  "047": {
    "1": [
      305,
      130,
      1270,
      710
    ]
  },
  "049": {
    "1": [
      10,
      230,
      825,
      710
    ]
  },
  "051": {
    "1": [
      10,
      340,
      810,
      710
    ]
  },
  "053": {
    "1": [
      10,
      395,
      570,
      710
    ],
    "2": [
      710,
      395,
      1270,
      710
    ],
    "3": [
      400,
      0,
      1270,
      230
    ]
  },
  "056": {
    "1": [
      10,
      370,
      640,
      710
    ],
    "2": [
      390,
      320,
      1270,
      530
    ],
    "3": [
      400,
      0,
      1270,
      200
    ]
  },
  "054": {
    "1": [
      400,
      0,
      1270,
      200
    ],
    "2": [
      760,
      320,
      1270,
      710
    ]
  },
  "058": {
    "1": [
      400,
      0,
      1270,
      325
    ],
    "2": [
      300,
      120,
      840,
      719
    ]
  },
  "059": {
    "1": [
      770,
      0,
      1279,
      280
    ],
    "2": [
      710,
      420,
      1279,
      719
    ],
    "3": [
      0,
      420,
      560,
      719
    ]
  },
  "060": {
    "1": [
      880,
      0,
      1279,
      719
    ]
  },
  "061": {
    "1": [
      765,
      0,
      1279,
      719
    ],
    "2": [
      0,
      130,
      245,
      719
    ]
  },
  "062": {
    "1": [
      0,
      420,
      570,
      719
    ],
    "2": [
      710,
      420,
      1279,
      719
    ],
    "3": [
      310,
      0,
      1279,
      290
    ]
  },
  "064": {
    "1": [
      310,
      0,
      1279,
      200
    ],
    "2": [
      635,
      285,
      1279,
      719
    ]
  },
  "065": {
    "1": [
      870,
      0,
      1279,
      225
    ],
    "2": [
      785,
      495,
      1279,
      719
    ],
    "3": [
      0,
      495,
      495,
      719
    ]
  },
  "068": {
    "1": [
      0,
      340,
      1279,
      719
    ]
  },
  "074": {
    "1": [
      815,
      0,
      1279,
      380
    ],
    "2": [
      350,
      0,
      1279,
      240
    ],
    "3": [
      0,
      480,
      1279,
      719
    ]
  }
}